{
  "U-Net++ (DFU-only)": {
    "dfu_dice": 0.8512808994848072,
    "dfu_iou": 0.7750770645550843,
    "dfu_nsd5mm": 0.9522891502425421
  },
  "U-Net++ (DFU+nonDFU)": {
    "dfu_dice": 0.7903480179467409,
    "dfu_iou": 0.6903427132435435,
    "dfu_nsd5mm": 0.9117703547336606
  },
  "U-Net++ (All classes)": {
    "dfu_dice": 0.8235321216142907,
    "dfu_iou": 0.7366653414512123,
    "dfu_nsd5mm": 0.9334002851689644
  },
  "U-Net++ v2 (DFU+nonDFU, fixed)": {
    "dfu_dice": 0.8038805831945441,
    "dfu_iou": 0.707222589616682,
    "dfu_nsd5mm": 0.9080397542844216
  },
  "FUSegNet (DFU+nonDFU)": {
    "dfu_dice": 0.8175354376980832,
    "dfu_iou": 0.7300020828933597,
    "dfu_nsd5mm": 0.9227767284984629
  }
}