{
  "overall": {
    "n": 3,
    "mae_mm2": 7.2333333333333245,
    "rmse_mm2": 9.856808137864231,
    "mape": 0.03280204209005438,
    "bias_mm2": 5.699999999999993,
    "pearson_r": 0.9997005528097678
  }
}