{
  "fold": 1,
  "dice": 0.8593566235755528,
  "iou": 0.792988432267746,
  "n_val": 371
}