{
  "fold": 1,
  "dice": 0.861045041601431,
  "iou": 0.7986961315292931,
  "n_val": 319
}