{
  "fold": 4,
  "dice": 0.845567228749042,
  "iou": 0.7768521105251937,
  "n_val": 372
}