{
  "fold": 0,
  "dice": 0.846899195638817,
  "iou": 0.7803260705727921,
  "n_val": 319
}