{
  "fold": 0,
  "dice": 0.8467756058830845,
  "iou": 0.7770344793919773,
  "n_val": 371
}