{
  "fold": 3,
  "dice": 0.8482904404911131,
  "iou": 0.7801110874144332,
  "n_val": 371
}