{
  "fold": 2,
  "dice": 0.8597699420288265,
  "iou": 0.7900310749024445,
  "n_val": 319
}