{
  "fold": 2,
  "dice": 0.8662750472168155,
  "iou": 0.7970848855956,
  "n_val": 371
}