{
  "fold": 4,
  "dice": 0.8566325574717263,
  "iou": 0.7854265529619207,
  "n_val": 320
}