{
  "fold": 3,
  "dice": 0.8473556657538559,
  "iou": 0.7806939994841496,
  "n_val": 319
}