{
  "internal_split": "data/splits/test.csv",
  "external_split": "data/splits/external_segmentation.csv",
  "segmentation": {
    "internal": {
      "overall": {
        "count": 1161,
        "dice": 0.6474815560743193,
        "iou": 0.6043580003951838,
        "hd95": 56.403492307306294,
        "dice_ci95": {
          "mean": 0.6474815560743193,
          "ci_low": 0.6251062129009118,
          "ci_high": 0.6713682119248308
        },
        "iou_ci95": {
          "mean": 0.6043580003951838,
          "ci_low": 0.581677187973196,
          "ci_high": 0.6283067423066936
        }
      },
      "dfu_only": {
        "count": 263,
        "dice": 0.8912085082262331,
        "iou": 0.8287218349652316,
        "hd95": 11.316991961355304,
        "dice_ci95": {
          "mean": 0.8912085082262331,
          "ci_low": 0.8706880846975843,
          "ci_high": 0.9095960166955264
        },
        "iou_ci95": {
          "mean": 0.8287218349652316,
          "ci_low": 0.8077354296248105,
          "ci_high": 0.8487471407628525
        }
      }
    },
    "external": {
      "overall": {
        "count": 552,
        "dice": 0.8929279726022726,
        "iou": 0.8293646176875764,
        "hd95": 9.512622084946042,
        "dice_ci95": {
          "mean": 0.8929279726022726,
          "ci_low": 0.8803271360772952,
          "ci_high": 0.9045972638494342
        },
        "iou_ci95": {
          "mean": 0.8293646176875764,
          "ci_low": 0.8150577305323701,
          "ci_high": 0.8421396160540429
        }
      },
      "dfu_only": {
        "count": 552,
        "dice": 0.8929279726022726,
        "iou": 0.8293646176875764,
        "hd95": 9.512622084946042,
        "dice_ci95": {
          "mean": 0.8929279726022726,
          "ci_low": 0.8803271360772952,
          "ci_high": 0.9045972638494342
        },
        "iou_ci95": {
          "mean": 0.8293646176875764,
          "ci_low": 0.8150577305323701,
          "ci_high": 0.8421396160540429
        }
      }
    },
    "drop": {
      "dice": {
        "internal": 0.8912085082262331,
        "external": 0.8929279726022726,
        "absolute_drop": -0.0017194643760395367,
        "relative_drop": -0.0019293626128657326
      },
      "iou": {
        "internal": 0.8287218349652316,
        "external": 0.8293646176875764,
        "absolute_drop": -0.000642782722344859,
        "relative_drop": -0.000775631454638608
      },
      "hd95": {
        "internal": 11.316991961355304,
        "external": 9.512622084946042,
        "absolute_drop": 1.8043698764092628,
        "relative_drop": 0.15943899956549712
      }
    }
  }
}