{
  "num_samples": 128,
  "mae": {
    "mean": 2.0907619862953197e-05,
    "max": 6.538494199048728e-05
  },
  "max_abs_diff": {
    "mean": 0.0011635422706604004,
    "max": 0.0056858062744140625
  },
  "mask_agreement": {
    "mean": 0.9999999701976776,
    "min": 0.9999961853027344
  },
  "latency_ms": {
    "pytorch_mean": 1055.8296913829963,
    "onnx_mean": 234.98230793734365
  }
}