{
  "dice": {
    "mean": 0.6465903903400624,
    "std": 0.41052849268781594,
    "median": 0.9091617934077342,
    "min": 1.2313299594740827e-11,
    "max": 1.0
  },
  "iou": {
    "mean": 0.6034721798540505,
    "std": 0.4181675156733189,
    "median": 0.8334524661662241,
    "min": 1.2313299594740827e-11,
    "max": 1.0
  },
  "hd95": {
    "mean": 56.404867384236255,
    "std": 113.2239251735341,
    "median": 3.0,
    "min": 0.0,
    "max": 512.0
  },
  "nsd_2mm": {
    "mean": 0.6766506372646861,
    "std": 0.4215858943930532,
    "median": 0.9891089108910891,
    "min": 0.0,
    "max": 1.0
  },
  "nsd_5mm": {
    "mean": 0.7293179038385861,
    "std": 0.40432725668079544,
    "median": 1.0,
    "min": 0.0,
    "max": 1.0
  },
  "wound_area_mm2": {
    "mean": 844.9465977605513,
    "std": 1691.776162000119,
    "median": 142.25,
    "min": 0.0,
    "max": 16988.25
  },
  "wound_area_gt_mm2": {
    "mean": 2661.4358311800174,
    "std": 4868.563984556653,
    "median": 330.5,
    "min": 0.0,
    "max": 34660.75
  }
}