{
  "dice": {
    "mean": 0.7183644030428733,
    "std": 0.37371947318540616,
    "median": 0.9293816759461597,
    "min": 1.2013310748164807e-11,
    "max": 1.0
  },
  "iou": {
    "mean": 0.672530277423874,
    "std": 0.3884450377566301,
    "median": 0.8680793659789737,
    "min": 1.2013310748164807e-11,
    "max": 1.0
  },
  "hd95": {
    "mean": 66.13036937299196,
    "std": 131.86782488125243,
    "median": 5.0,
    "min": 0.0,
    "max": 518.0
  },
  "nsd_2mm": {
    "mean": 0.6427031999708552,
    "std": 0.41813823260823796,
    "median": 0.8873591989987485,
    "min": 0.0,
    "max": 1.0
  },
  "nsd_5mm": {
    "mean": 0.7134262394896402,
    "std": 0.4093316943845097,
    "median": 1.0,
    "min": 0.0,
    "max": 1.0
  },
  "wound_area_mm2": {
    "mean": 839.4621016365203,
    "std": 1810.45471460897,
    "median": 17.75,
    "min": 0.0,
    "max": 17073.5
  },
  "wound_area_gt_mm2": {
    "mean": 2723.593023255814,
    "std": 4981.501673165323,
    "median": 334.75,
    "min": 0.0,
    "max": 35498.25
  }
}