{
  "dice": {
    "mean": 0.8912193492221259,
    "std": 0.16306847491144913
  },
  "iou": {
    "mean": 0.828738735213416,
    "std": 0.17413679563890339
  },
  "hd95": {
    "mean": 11.316419945601538,
    "std": 46.69026445863629
  },
  "nsd_2mm": {
    "mean": 0.8880055299703106,
    "std": 0.1744861764726218
  },
  "nsd_5mm": {
    "mean": 0.9722671953098243,
    "std": 0.10157651335836822
  },
  "wound_area_mm2": {
    "mean": 1274.0190114068441,
    "std": 1319.7300192778268
  },
  "wound_area_gt_mm2": {
    "mean": 1269.6340304182509,
    "std": 1318.845481956583
  }
}