{
  "dice": {
    "mean": 0.8899791831996131,
    "std": 0.1738580509445493,
    "median": 0.9380530973816796,
    "min": 3.4818941492054687e-10,
    "max": 1.0
  },
  "iou": {
    "mean": 0.8300040928586876,
    "std": 0.18407091980283688,
    "median": 0.8833333334629629,
    "min": 3.4818941492054687e-10,
    "max": 1.0
  },
  "hd95": {
    "mean": 8.500564819768263,
    "std": 23.64043892584215,
    "median": 3.605551275463989,
    "min": 0.0,
    "max": 284.40112517358295
  },
  "nsd_2mm": {
    "mean": 0.9114816851246799,
    "std": 0.12763353005054773,
    "median": 0.9667590027700831,
    "min": 0.13636363636363635,
    "max": 1.0
  },
  "nsd_5mm": {
    "mean": 0.9777847378716844,
    "std": 0.07219473415658076,
    "median": 1.0,
    "min": 0.32517482517482516,
    "max": 1.0
  },
  "wound_area_mm2": {
    "mean": 1252.0313479623824,
    "std": 1585.4551412433746,
    "median": 689.25,
    "min": 0.0,
    "max": 12280.5
  },
  "wound_area_gt_mm2": {
    "mean": 1265.3111285266457,
    "std": 1613.438369217524,
    "median": 732.0,
    "min": 0.0,
    "max": 12317.25
  }
}