{
  "base": {
    "dice": 0.5738325224086661,
    "iou": 0.5228261809580649,
    "hd95": 87.46526481389306,
    "nsd_2mm": 0.5883852324510439,
    "nsd_5mm": 0.6542721143846143,
    "wound_area_mm2": 988.52875,
    "wound_area_gt_mm2": 3405.41125
  },
  "tta": {
    "dice": 0.6126488618672137,
    "iou": 0.5629271038286139,
    "hd95": 84.87747564668327,
    "nsd_2mm": 0.5872603379410882,
    "nsd_5mm": 0.652080899401991,
    "wound_area_mm2": 982.8225,
    "wound_area_gt_mm2": 3405.41125
  },
  "num_augmentations": 16,
  "num_images": 200
}